Tree_order,Color
Aquimarina_sp._ERC_38,
unc._Aquimarina_sp._H4_Bin_Bin_177_sub_1,#7f26a4
unc._Aquimarina_sp._528,#7f26a4
unc._Aquimarina_sp._745,#7f26a4
unc._Aquimarina_sp._H1_Bin_MAXBIN_031_1,#7f26a4
unc._Aquimarina_sp._H4_Bin_MAXBIN_033_sub_1_1,#7f26a4
unc._Aquimarina_sp._L2_Bin_MAXBIN_015_sub_1,#7f26a4
unc._Aquimarina_sp._962,#7f26a4
Aquimarina_agarivorans_HQM9,#7f26a4
Aquimarina_agarilytica_ZC1_ZC1,#7f26a4
unc._Aquimarina_sp._3_767_J,#7f26a4
unc._Aquimarina_sp._R3_Bin_Bin_207_sub_1,#7f26a4
unc._Aquimarina_sp._640,#7f26a4
unc._Aquimarina_sp._4_555_2,#7f26a4
unc._Aquimarina_sp._L2_Bin_Bin_90_1,#c0d029
unc._Aquimarina_sp._L1_Bin_MAXBIN_027_sub_1,#c0d029
unc._Aquimarina_sp._3_923_3Z,#c0d029
unc._Aquimarina_sp._L4_Bin_Bin_133_1,#c0d029
unc._Aquimarina_sp._932,#c0d029
unc._Aquimarina_sp._L3_Bin_Bin_141_1,#c0d029
unc._Aquimarina_sp._4_2025_3Z,#c0d029
unc._Aquimarina_sp._664,#c0d029
unc._Aquimarina_sp._568,#dd85ff
Aquimarina_sp._sanger1,#dd85ff
Aquimarina_rhabdastrellae_strain_RHTr2,#dd85ff
unc._Aquimarina_sp._R3_Bin_Bin_100_sub_1,
Aquimarina_hainanensis_KCTC_42423,#669300
Aquimarina_sp._TRL1,#669300
Aquimarina_brevivitae_DSM_17196,#669300
Aquimarina_intermedia_DSM_17527,#669300
Aquimarina_rhodophyticola_W85,#669300
unc._Aquimarina_sp._821_3Z,
unc._Aquimarina_sp._4_651_3Z,#ff5ec6
Aquimarina_addita_JCM_17106,#ff5ec6
unc._Aquimarina_sp._513,#ff5ec6
unc._Aquimarina_sp._R3_Bin_Bin_72_1,#ff5ec6
Aquimarina_sp._RZ0,#ff5ec6
Aquimarina_mycalae_2201CG14_23,
unc._Aquimarina_sp._2_926,#01d791
Aquimarina_rubra_KCTC_52274,#01d791
Aquimarina_besae_SS2_1,#01d791
Aquimarina_litoralis_CCMR20,#e8007b
Aquimarina_litoralis_JCM_15974,#e8007b
unc._Aquimarina_sp._740,#e8007b
unc._Aquimarina_sp._550,#e8007b
Aquimarina_amphilecti_DSM_25232,#00d4c8
unc._Aquimarina_sp._X6,#00d4c8
Aquimarina_sp._Aq107,#00d4c8
Aquimarina_sp._LLG6339_5,#00d4c8
Aquimarina_latercula_DSM_2041,#00d4c8
Aquimarina_sp._MMG015,#00d4c8
Aquimarina_sp._AD1,#00d4c8
unc._Aquimarina_sp._2_563A_J,#bc0043
unc._Aquimarina_sp._3_716,#bc0043
unc._Aquimarina_sp._3_1138_G,#bc0043
unc._Aquimarina_sp._490,#bc0043
Aquimarina_sp._BL5,#bc0043
unc._Aquimarina_sp._3_916_3Z,#bc0043
unc._Aquimarina_sp._4R5_1_G,#bc0043
unc._Aquimarina_sp._2_32,#bc0043
Aquimarina_sp._2201CG5_10,
Aquimarina_sp._MMG016,
Aquimarina_sp._AU474,#028dd5
unc._Aquimarina_sp._597,#028dd5
unc._Aquimarina_sp._2_328,#028dd5
Aquimarina_spongiae_DSM_22623,#028dd5
Aquimarina_sp._sanger2,#028dd5
Aquimarina_acroporae_D1M17,#028dd5
unc._Aquimarina_sp._538_2_G,#028dd5
unc._Aquimarina_sp._249,#028dd5
Aquimarina_sp._U1_2,#ecc22c
Aquimarina_celericrescens_DT92,#ecc22c
unc._Aquimarina_sp._2_968,#ecc22c
unc._Aquimarina_sp._1030_1_G,#ecc22c
Aquimarina_gracilis_PSC32,#ecc22c
unc._Aquimarina_sp._679,#ecc22c
unc._Aquimarina_sp._2_536A,#ecc22c
unc._Aquimarina_sp._692,#ecc22c
unc._Aquimarina_sp._512_2,#ecc22c
unc._Aquimarina_sp._754,#ecc22c
unc._Aquimarina_sp._YR205_23_3Z,#a190ff
unc._Aquimarina_sp._17,#a190ff
unc._Aquimarina_sp._2_863,#a190ff
Aquimarina_aggregata_2_322,#a190ff
Aquimarina_aggregata_392,#a190ff
Aquimarina_aggregata_RZW4_3_2,#a190ff
Aquimarina_aggregata_H4_Bin_METABAT_156_1,#a190ff
Aquimarina_sp._AD10,#a190ff
unc._Aquimarina_sp._502,#a190ff
unc._Aquimarina_sp._723_3Z,#a190ff
unc._Aquimarina_sp._4_1007,#a190ff
unc._Aquimarina_sp._2_156,#a190ff
Aquimarina_penaris_2304DJ70_9,#a190ff
Aquimarina_mytili_JCM_17454,#a190ff
unc._Aquimarina_sp._3_198_2,#a190ff
unc._Aquimarina_sp._2_972,#a190ff
unc._Aquimarina_sp._3_722_3Z,#635400
unc._Aquimarina_sp._4_722_3Z,#635400
unc._Aquimarina_sp._YR2_5_14_J,#635400
Aquimarina_algicola_M625,#64467c
unc._Aquimarina_sp._4R_1,#64467c
unc._Aquimarina_sp._700,#64467c
unc._Aquimarina_sp._4_616,#64467c
unc._Aquimarina_sp._4_646_3Z,#64467c
unc._Aquimarina_sp._4R_2,#64467c
unc._Aquimarina_sp._187_3Z,#ecbe7a
Aquimarina_sp._2201CG1_2_11,#ecbe7a
unc._Aquimarina_sp._694,#ecbe7a
Aquimarina_aquimarini_Aq135,#803d50
Aquimarina_sp._I32.4,#803d50
Aquimarina_pacifica_SW150,#803d50
Aquimarina_muelleri_SJ_Lobster_29,#803d50
Aquimarina_muelleri_DSM_19832,#803d50
Aquimarina_sediminis_w01,#914e00
unc._Aquimarina_sp._637_3Z,#914e00
unc._Aquimarina_sp._629_G,#914e00
Aquimarina_algiphila_2_166,#914e00
Aquimarina_algiphila_ZY116,#914e00
Aquimarina_sp._AU119,#914e00
Aquimarina_algiphila_2_91_1,#914e00
Aquimarina_algiphila_4_60,#914e00
Aquimarina_algiphila_4_617_3Z,#914e00
Aquimarina_algiphila_4_66,#914e00
Aquimarina_algiphila_4_58,#914e00
Aquimarina_algiphila_M91,#914e00
Aquimarina_longa_SW024,#933127
unc._Aquimarina_sp._EG16N_Bin3,#933127
Aquimarina_sp._MAR_2010_214,#933127
Aquimarina_macrocephali_JAMB_N27,#933127
Aquimarina_sp._Aq78,#933127
Aquimarina_sp._AU58,#933127
Aquimarina_megaterium_EL33,#933127
Aquimarina_spinulae_Aq349,#933127
Aquimarina_atlantica_22II_S11_z7,#933127
Aquimarina_megaterium_XH134,#933127
Aquimarina_sp._EL_43,#933127
Aquimarina_sp._EL_32,#933127
Aquimarina_sp._EL_35,#933127
